Time(s),Shoulder,Waist
0.04,0.1719,0.3984
0.08,0.1909,0.3562
0.12,0.2053,0.3292
0.16,0.1991,0.3028
0.2,0.1867,0.3072
0.24,0.1655,0.3019
0.28,0.1482,0.2659
0.32,0.1259,0.2479
0.36,0.1105,0.2306
0.4,0.0976,0.2106
0.44,0.0878,0.2019
0.48,0.0766,0.1828
0.52,0.0684,0.172
0.56,0.0554,0.1507
0.6,0.0502,0.1363
0.64,0.0426,0.1312
0.68,0.0322,0.1282
0.72,0.0255,0.1294
0.76,0.0239,0.1196
0.8,0.0243,0.1249
0.84,0.0249,0.1279
0.88,0.0361,0.1333
0.92,0.0433,0.1365
0.96,0.0605,0.1532
1.0,0.0639,0.1633
1.04,0.0995,0.1762
1.08,0.1273,0.1997
1.12,0.1416,0.2254
1.16,0.1619,0.2415
1.2,0.1854,0.2607
1.24,0.2191,0.2736
1.28,0.2464,0.3109
1.32,0.2821,0.3254
1.36,0.3388,0.3565
1.4,0.3853,0.3941
1.44,0.4279,0.4277
1.48,0.4726,0.4724
1.52,0.5217,0.5079
1.56,0.5739,0.5325
1.6,0.6227,0.5683
1.64,0.6844,0.6115
1.68,0.7371,0.6655
1.72,0.7808,0.7106
1.76,0.8165,0.7463
1.8,0.8417,0.7617
1.84,0.8859,0.7957
1.88,0.9076,0.8365
1.92,0.9266,0.8723
1.96,0.9457,0.9007
2.0,0.9577,0.9086
2.04,0.9756,0.9278
2.08,0.9829,0.9461
2.12,0.9807,0.9541
2.16,0.9897,0.9645
2.2,0.9843,0.9602
2.24,0.9748,0.9688
2.28,0.9931,0.9854
2.32,0.9819,0.9905
2.36,0.986,0.9943
2.4,0.9777,0.9879
2.44,0.9842,0.9916
2.48,0.9752,0.9892
2.52,0.9768,0.9744
2.56,0.9627,0.9636
2.6,0.9627,0.9464
2.64,0.951,0.942
2.68,0.9256,0.9067
2.72,0.8974,0.9041
2.76,0.8688,0.8527
2.8,0.8415,0.8137
2.84,0.8116,0.7842
2.88,0.7976,0.7804
2.92,0.7688,0.7653
2.96,0.7156,0.7366
3.0,0.6636,0.7041
3.04,0.6229,0.6537
3.08,0.5597,0.6149
3.12,0.5107,0.5836
3.16,0.4598,0.5563
3.2,0.4108,0.5015
3.24,0.3728,0.4547
3.28,0.3489,0.4444
3.32,0.3101,0.4172
3.36,0.2707,0.3899
3.4,0.2272,0.3533
3.44,0.2025,0.318
3.48,0.1748,0.2874
3.52,0.1457,0.2767
3.56,0.1255,0.2594
3.6,0.1047,0.2395
3.64,0.0874,0.2235
3.68,0.0577,0.1961
3.72,0.0495,0.1821
3.76,0.0353,0.1697
3.8,0.0242,0.1401
3.84,0.021,0.1296
3.88,0.01,0.1202
3.92,0.0068,0.0905
3.96,0.0034,0.0886
4.0,0.0016,0.0912
4.04,0.0049,0.0919
4.08,0.0029,0.0918
4.12,0.0047,0.0856
4.16,0.0038,0.0875
4.2,0.0128,0.0973
4.24,0.0249,0.1081
4.28,0.0342,0.1143
4.32,0.068,0.1166
4.36,0.0901,0.1507
4.4,0.1133,0.1715
4.44,0.1515,0.1928
4.48,0.1833,0.2107
4.52,0.1993,0.2446
4.56,0.227,0.2625
4.6,0.2527,0.2849
4.64,0.289,0.315
4.68,0.3297,0.3397
4.72,0.3798,0.3756
4.76,0.4272,0.4056
4.8,0.4696,0.4358
4.84,0.4943,0.469
4.88,0.5456,0.5117
4.92,0.593,0.5475
4.96,0.627,0.5723
5.0,0.6755,0.6043
5.04,0.7288,0.6602
5.08,0.7828,0.7159
5.12,0.8175,0.7382
5.16,0.8451,0.7835
5.2,0.8758,0.7858
5.24,0.9148,0.836
5.28,0.9314,0.8433
5.32,0.9518,0.8994
5.36,0.9539,0.9081
5.4,0.9623,0.9137
5.44,0.977,0.9379
5.48,0.9692,0.9447
5.52,0.9916,0.9612
5.56,0.9886,0.9654
5.6,0.9933,0.9806
5.64,0.9938,0.981
5.68,0.9963,0.9903
5.72,0.9981,0.9953
5.76,1.0,0.9984
5.8,0.9942,1.0
5.84,0.9851,0.9931
5.88,0.9743,0.9958
5.92,0.9785,0.9816
5.96,0.9702,0.9773
6.0,0.9664,0.9528
6.04,0.9687,0.943
6.08,0.961,0.924
6.12,0.9533,0.9043
6.16,0.9468,0.9032
6.2,0.9272,0.901
6.24,0.9003,0.8772
6.28,0.8774,0.8449
6.32,0.8524,0.8339
6.36,0.826,0.8132
6.4,0.789,0.7933
6.44,0.7486,0.7525
6.48,0.7111,0.7248
6.52,0.6644,0.7059
6.56,0.6174,0.6712
6.6,0.5577,0.6004
6.64,0.5095,0.5712
6.68,0.4654,0.5277
6.72,0.4262,0.4926
6.76,0.383,0.4423
6.8,0.3479,0.4392
6.84,0.2925,0.4076
6.88,0.2655,0.3892
6.92,0.2358,0.3539
6.96,0.2068,0.3104
7.0,0.172,0.2866
7.04,0.1439,0.2635
7.08,0.1182,0.2492
7.12,0.0838,0.2217
7.16,0.0573,0.191
7.2,0.0518,0.1763
7.24,0.0471,0.148
7.28,0.0301,0.1221
7.32,0.0277,0.0998
7.36,0.0214,0.0878
7.4,0.0194,0.0794
7.44,0.0085,0.0739
7.48,0.0101,0.0474
7.52,0.007,0.043
7.56,0.006,0.0442
7.6,0.007,0.0434
7.64,0.0104,0.0455
7.68,0.0154,0.0536
7.72,0.0205,0.0595
7.76,0.0262,0.0693
7.8,0.0295,0.0783
7.84,0.0589,0.0962
7.88,0.0791,0.1162
7.92,0.1136,0.148
7.96,0.1509,0.1575
8.0,0.1762,0.1815
8.04,0.1998,0.2161
8.08,0.2225,0.2249
8.12,0.2456,0.2543
8.16,0.2965,0.2939
8.2,0.3268,0.3279
8.24,0.3647,0.3639
8.28,0.413,0.4006
8.32,0.4434,0.4247
8.36,0.495,0.4517
8.4,0.5391,0.4886
8.44,0.5731,0.5197
8.48,0.6103,0.5443
8.52,0.6517,0.5786
8.56,0.7115,0.6138
8.6,0.7618,0.6649
8.64,0.8125,0.7143
8.68,0.8397,0.7411
8.72,0.8691,0.7651
8.76,0.8985,0.79
8.8,0.9293,0.8213
8.84,0.9444,0.8684
8.88,0.9663,0.8853
8.92,0.9651,0.9028
8.96,0.9735,0.9228
9.0,0.9761,0.9483
9.04,0.9882,0.9429
9.08,0.9992,0.9624
9.12,0.9974,0.9753
9.16,0.9946,0.967
9.2,0.9951,0.9711
9.24,0.9872,0.981
9.28,0.9833,0.978
9.32,0.9862,0.9748
9.36,0.9823,0.9711
9.4,0.9845,0.9681
9.44,0.9823,0.9648
9.48,0.98,0.9612
9.52,0.9759,0.9405
9.56,0.9679,0.9387
9.6,0.9538,0.9117
9.64,0.9433,0.9127
9.68,0.9203,0.8907
9.72,0.9144,0.8635
9.76,0.899,0.831
9.8,0.8803,0.8258
9.84,0.8464,0.8157
9.88,0.8143,0.7956
9.92,0.78,0.7608
9.96,0.7344,0.7142
10.0,0.702,0.702
10.04,0.6629,0.6772
10.08,0.6071,0.6272
10.12,0.5673,0.592
10.16,0.5297,0.5529
10.2,0.4861,0.5363
10.24,0.4392,0.4853
10.28,0.4029,0.436
10.32,0.3602,0.4289
10.36,0.3257,0.3921
10.4,0.293,0.3555
10.44,0.2713,0.3226
10.48,0.2377,0.3019
10.52,0.2074,0.2641
10.56,0.1785,0.2475
10.6,0.1475,0.2151
10.64,0.115,0.1901
10.68,0.0866,0.1612
10.72,0.0702,0.1328
10.76,0.0459,0.1222
10.8,0.0301,0.0799
10.84,0.0262,0.0723
10.88,0.0105,0.0487
10.92,0.0102,0.0367
10.96,0.0,0.0182
11.0,0.005,0.0233
11.04,0.0078,0.0215
11.08,0.0051,0.016
11.12,0.0087,0.0179
11.16,0.0021,0.0073
11.2,0.0013,0.0067
11.24,0.0017,0.0075
11.28,0.0016,0.0
11.32,0.0056,0.0054
11.36,0.0144,0.0163
11.4,0.0265,0.0311
11.44,0.042,0.0574
11.48,0.0604,0.0878
11.52,0.0839,0.1126
11.56,0.1099,0.1346
11.6,0.1427,0.1574
11.64,0.1768,0.1868
11.68,0.203,0.2093
11.72,0.2311,0.2268
11.76,0.2739,0.2605
11.8,0.3083,0.2865
11.84,0.3407,0.3086
11.88,0.3799,0.3507
11.92,0.4247,0.3911
11.96,0.4441,0.4243
12.0,0.5149,0.4689
12.04,0.5473,0.5034
12.08,0.6004,0.5495
12.12,0.63,0.5668
12.16,0.6681,0.6251
12.2,0.7019,0.6388
12.24,0.7457,0.6745
12.28,0.798,0.7364
12.32,0.8233,0.7383
12.36,0.8595,0.7657
12.4,0.8836,0.7868
12.44,0.9025,0.8096
12.48,0.941,0.8347
12.52,0.9503,0.8432
12.56,0.9648,0.8719
12.6,0.9487,0.8682
12.64,0.9595,0.9045
12.68,0.952,0.8886
12.72,0.9617,0.9211
12.76,0.9551,0.9096
12.8,0.9527,0.9269
12.84,0.9513,0.9211
12.88,0.9512,0.9288
12.92,0.951,0.9217
12.96,0.9561,0.9248
13.0,0.9537,0.9291
13.04,0.9544,0.9246
13.08,0.95,0.9267
13.12,0.953,0.924
13.16,0.9417,0.9126
13.2,0.9461,0.9209
13.24,0.9444,0.9057
13.28,0.9475,0.9071
13.32,0.9375,0.9048
13.36,0.9386,0.9007
13.4,0.9279,0.8805
13.44,0.9197,0.8426
13.48,0.9084,0.8369
13.52,0.8906,0.8176
13.56,0.8652,0.8118
13.6,0.8299,0.7928
13.64,0.8067,0.792
13.68,0.7786,0.7757
13.72,0.7353,0.752
13.76,0.695,0.7179
13.8,0.653,0.6753
13.84,0.6074,0.62
13.88,0.577,0.5719
13.92,0.5425,0.5616
13.96,0.5022,0.4923
14.0,0.4668,0.4788
14.04,0.4259,0.4261
14.08,0.3855,0.4115
14.12,0.3568,0.3697
14.16,0.3252,0.3254
14.2,0.2831,0.3064
14.24,0.2453,0.2759
14.28,0.2223,0.2408
14.32,0.199,0.2198
14.36,0.1772,0.1995
14.4,0.1577,0.1734
14.44,0.1325,0.1461
14.48,0.1079,0.1322
14.52,0.0874,0.1099
14.56,0.0721,0.112
14.6,0.0684,0.0969
14.64,0.0625,0.0658
14.68,0.0506,0.0597
14.72,0.0391,0.0492
14.76,0.0394,0.0441
14.8,0.0394,0.0426
14.84,0.0367,0.0234
14.88,0.0251,0.0154
14.92,0.0247,0.0174
14.96,0.0299,0.0231
15.0,0.0332,0.0271
15.04,0.0359,0.029
15.08,0.0457,0.0436
15.12,0.0557,0.0496
15.16,0.0665,0.0597
15.2,0.075,0.0847
15.24,0.0867,0.1011
15.28,0.1098,0.1136
15.32,0.1365,0.1327
15.36,0.1768,0.1548
15.4,0.1952,0.1706
15.44,0.2204,0.1901
15.48,0.2392,0.213
15.52,0.2709,0.2371
15.56,0.2952,0.2575
15.6,0.3473,0.2959
15.64,0.3837,0.3277
15.68,0.4388,0.3762
15.72,0.4829,0.4079
15.76,0.5186,0.4581
15.8,0.5768,0.4991
15.84,0.6024,0.543
15.88,0.6381,0.5666
15.92,0.6726,0.594
15.96,0.7376,0.6419
16.0,0.7887,0.6997
16.04,0.8282,0.7544
16.08,0.8542,0.7847
16.12,0.8873,0.8024
16.16,0.9106,0.8273
16.2,0.9284,0.8286
16.24,0.9629,0.8504
16.28,0.9603,0.8841
16.32,0.9642,0.9034
16.36,0.96,0.9241
16.4,0.9633,0.9244
16.44,0.9596,0.9289
16.48,0.9574,0.9365
16.52,0.9581,0.934
16.56,0.9604,0.9426
16.6,0.9562,0.9447
16.64,0.9579,0.9491
16.68,0.9553,0.9514
16.72,0.9597,0.955
16.76,0.9582,0.9587
16.8,0.9609,0.9606
16.84,0.9621,0.9645
16.88,0.9578,0.9616
16.92,0.9578,0.9584
16.96,0.9548,0.9558
17.0,0.9575,0.9571
17.04,0.9422,0.9428
17.08,0.9424,0.935
17.12,0.9388,0.9348
17.16,0.9275,0.9103
17.2,0.909,0.9079
17.24,0.8931,0.8848
17.28,0.8835,0.8651
17.32,0.8531,0.8428
17.36,0.8335,0.8261
17.4,0.7988,0.8061
17.44,0.7747,0.8015
17.48,0.7397,0.7632
17.52,0.7049,0.7307
17.56,0.665,0.6873
17.6,0.6241,0.6354
17.64,0.5905,0.5967
17.68,0.5363,0.5627
17.72,0.4955,0.5219
17.76,0.4546,0.4678
17.8,0.4022,0.452
17.84,0.3653,0.4181
17.88,0.3195,0.3751
17.92,0.2834,0.3225
17.96,0.2503,0.3087
18.0,0.2288,0.2803
18.04,0.1958,0.2419
18.08,0.1776,0.224
18.12,0.1489,0.2082
18.16,0.124,0.1874
18.2,0.1046,0.1652
18.24,0.0839,0.1464
18.28,0.0737,0.1174
18.32,0.0541,0.1093
18.36,0.0497,0.1068
18.4,0.0517,0.1052
18.44,0.0432,0.0806
18.48,0.0387,0.0602
18.52,0.0315,0.0563
18.56,0.031,0.0509
18.6,0.0242,0.0492
18.64,0.0105,0.0374
18.68,0.011,0.0368
18.72,0.0144,0.0355
18.76,0.0111,0.0312
18.8,0.0123,0.0333
18.84,0.0187,0.0367
18.88,0.0249,0.0531
18.92,0.0449,0.0597
18.96,0.0573,0.0729
19.0,0.0727,0.0907
19.04,0.0838,0.103
19.08,0.1162,0.115
19.12,0.1382,0.1434
19.16,0.1669,0.1722
19.2,0.1945,0.2076
19.24,0.2211,0.224
19.28,0.2414,0.2517
19.32,0.2767,0.2811
19.36,0.309,0.3139
19.4,0.3492,0.3421
19.44,0.4035,0.3933
19.48,0.4533,0.4268
19.52,0.5078,0.473
19.56,0.5545,0.5231
19.6,0.5987,0.5711
19.64,0.6374,0.6046
19.68,0.694,0.6382
19.72,0.7377,0.6738
19.76,0.7685,0.7343
19.8,0.8153,0.765
19.84,0.8562,0.7889
19.88,0.8755,0.8087
19.92,0.9061,0.8463
19.96,0.9359,0.858
20.0,0.9516,0.8856
20.04,0.9499,0.8937
20.08,0.9649,0.9303
20.12,0.9486,0.921
20.16,0.9664,0.9325
20.2,0.9567,0.9248
20.24,0.9607,0.9299
20.28,0.96,0.9281
20.32,0.9585,0.939
20.36,0.9514,0.937
20.4,0.9525,0.9342
20.44,0.9494,0.9253
20.48,0.9461,0.9242
20.52,0.9459,0.9105
20.56,0.9493,0.911
20.6,0.9425,0.8963
20.64,0.9464,0.9099
